start,code,end,train_no
沈阳,0000,北京,120000421606
通辽,0000,上海,16000043100C
北京,D1,沈阳,24000000D10R
北京南,G1,上海虹桥,24000000G10D
北京西,Z1,长沙,24000000Z10C
沈阳,D2,北京,12000000D20H
上海虹桥,G2,北京南,5l000000G230
长沙,Z2,北京西,62000000Z201
北京,D3,沈阳北,24000000D30P
北京南,G3,上海虹桥,24000000G307
北京,K3,二连,24000000K308
北京西,Z3,重庆北,24000000Z30I
沈阳北,D4,北京,12000000D40E
上海虹桥,G4,北京南,5l000000G430
重庆北,Z4,北京西,77000000Z400
北京,D5,沈阳北,24000000D50P
北京南,G5,上海虹桥,24000000G502
北京西,Z5,南宁,24000000Z507
西安,K5,成都,41000000K50F
沈阳北,D6,北京,12000000D60F
上海虹桥,G6,北京南,5l000000G601
南宁,Z6,北京西,71000000Z602
成都,K6,西安,76000000K607
北京,D7,沈阳北,24000000D70K
北京南,G7,上海虹桥,24000000G702
北京西,T7,成都,24000000T70X
北京,Z7,青岛北,24000000Z703
沈阳北,D8,北京,12000000D807
青岛北,Z8,北京,49000000Z803
上海虹桥,G8,北京南,5l000000G811
成都,T8,北京西,76000000T806
北京,D9,沈阳北,24000000D90F
北京西,T9,重庆北,24000000T90R
北京,Z9,杭州,24000000Z90I
沈阳北,D10,北京,1200000D100F
杭州,Z10,北京,5600000Z1020
重庆北,T10,北京西,7700000T1006
北京,D11,沈阳北,2400000D110Q
北京南,G11,上海虹桥,2400000G110H
广州东,Z11,沈阳北,6500000Z1401
沈阳北,D12,北京,1200000D120L
沈阳北,Z12,广州东,1200000Z1205
上海虹桥,G12,北京南,5l00000G1222
沈阳北,Z13,广州东,1200000Z1205
北京,D13,沈阳,2400000D130R
北京南,G13,上海虹桥,2400000G1305
沈阳,D14,北京,1200000D1400
上海虹桥,G14,北京南,5l00000G1440
广州东,Z14,沈阳北,6500000Z1401
北京,D15,沈阳,2400000D150V
北京南,G15,上海虹桥,2400000G150B
北京,Z15,哈尔滨,2400000Z150C
济南,K15,重庆北,4700000K1505
哈尔滨,Z16,北京,0100000Z1608
沈阳,D16,北京,1200000D160Q
上海虹桥,G16,北京南,5l00000G1611
重庆北,K16,济南,7700000K1604
北京,D17,沈阳北,2400000D170D
北京南,G17,上海虹桥,2400000G1708
北京,T17,牡丹江,2400000T170T
北京,Z17,哈尔滨,2400000Z170B
哈尔滨,Z18,北京,0100000Z1804
牡丹江,T18,北京,0300000T1802
沈阳北,D18,北京,1200000D1808
上海虹桥,G18,北京南,5l00000G1826
北京,D19,长春,2400000D190L
北京南,G19,绍兴北,2400000G190D
北京西,Z19,西安,2400000Z190H
长春,D20,北京,1100000D2008
西安,Z20,北京西,4100000Z200H
杭州东,G20,北京南,5600000G2000
北京,D21,珲春,2400000D2110
北京南,G21,上海虹桥,2400000G2108
北京西,K21,南宁,2400000K2112
北京西,Z21,拉萨,2400000Z2108
珲春,D22,北京,1c00000D2202
上海虹桥,G22,北京南,5l00000G2218
南宁,K22,北京西,7100000K2220
拉萨,Z22,北京西,8800000Z2203
北京,D23,长春,2400000D230S
北京南,G23,上海虹桥,2400000G2300
武昌,Z23,深圳,3900000Z2310
长春,D24,北京,1100000D240M
上海虹桥,G24,北京南,5l00000G2400
深圳,Z24,武昌,6500000Z2409
北京,D25,齐齐哈尔南,2400000D2522
北京西,G25,西安北,2400000G2500
武昌,Z25,上海南,3900000Z2500
上海南,T25,南宁,5500000T2530
齐齐哈尔南,D26,北京,0400000D2602
西安北,G26,北京西,4f00000G2602
上海南,Z26,武昌,5500000Z2710
南宁,T26,上海南,7100000T2606
北京,D27,哈尔滨西,2400000D270S
北京南,G27,福州,2400000G2701
北京,K27,丹东,2400000K270V
上海南,Z27,武昌,5500000Z2710
哈尔滨西,D28,北京,0h00000D280G
丹东,K28,北京,1200000K280E
武昌,Z28,上海南,3900000Z2500
福州,G28,北京南,5800000G2802
北京,D29,齐齐哈尔南,2400000D290V
北京南,G29,合肥南,2400000G290B
北京,Z29,扬州,2400000Z290B
洛阳,K29,福州,4000000K320E
齐齐哈尔南,D30,北京,0400000D3004
福州,K30,洛阳,5800000K300D
扬州,Z30,北京,5f00000Z3060
合肥南,G30,北京南,5i00000G3011
大连,D31,北京,1300000D310C
北京,T31,杭州,2400000T310Q
武昌,Z31,宁波,3900000Z3102
福州,K31,洛阳,5800000K300D
北京,D32,大连,2400000D330L
洛阳,K32,福州,4000000K320E
杭州,T32,北京,5600000T3212
宁波,Z32,武昌,5e00000Z3210
北京,D33,大连,2400000D330L
北京南,G33,南昌西,2400000G330O
苏州,K33,深圳,5500000K3603
宁波,Z33,武昌,5e00000Z3210
大连,D34,北京,1300000D310C
武昌,Z34,宁波,3900000Z3102
杭州东,G34,北京南,5600000G3471
深圳,K34,苏州,6500000K3401
大连北,D35,北京,1g00000D3506
北京南,G35,杭州东,2400000G350F
北京西,Z35,广州,2400000Z3501
深圳,K35,苏州,6500000K3401
北京,D36,大连北,2400000D370C
苏州,K36,深圳,5500000K3603
杭州东,G36,北京南,5600000G3640
广州,Z36,北京西,6300000Z3600
北京,D37,大连北,2400000D370C
北京南,G37,杭州东,2400000G370F
北京西,Z37,武昌,2400000Z3707
大连北,D38,北京,1g00000D3506
武昌,Z38,北京西,3900000Z3802
南昌西,G38,北京南,5u00000G380B
大连北,D39,北京,1g00000D3906
北京南,G39,杭州东,2400000G3909
北京,K39,海拉尔,2400000K392L
北京,T39,齐齐哈尔,2400000T390D
乌鲁木齐,Z39,上海,9300000Z4204
齐齐哈尔,T40,北京,0400000T4009
海拉尔,K40,北京,0500000K4001
北京,D40,大连北,2400000D410H
上海,Z40,乌鲁木齐,5500000Z4061
绍兴北,G40,北京南,5t00000G4001
北京,D41,大连北,2400000D410H
北京南,G41,杭州东,2400000G410G
北京,K41,敦煌,2400000K4103
北京西,T41,西安,2400000T410Q
上海,Z41,乌鲁木齐,5500000Z4061
大连北,D42,北京,1g00000D3906
西安,T42,北京西,4100000T420H
杭州东,G42,北京南,5600000G4261
敦煌,K42,北京,8b00000K4301
乌鲁木齐,Z42,上海,9300000Z4204
大连北,D43,北京,1g00000D430A
北京南,G43,杭州东,2400000G4307
北京西,Z43,西安,2400000Z4303
敦煌,K43,北京,8b00000K4301
北京,D44,大连北,2400000D450C
北京,K44,敦煌,2400000K4103
西安,Z44,北京西,4100000Z4405
杭州东,G44,北京南,5600000G4495
北京,D45,大连北,2400000D450C
北京南,G45,江山,2400000G4503
北京,K45,福州,2400000K4515
武昌,Z45,杭州,3900000Z4500
大连北,D46,北京,1g00000D430A
江山,G46,北京南,5600000G4620
杭州,Z46,武昌,5600000Z4770
福州,K46,北京,5800000K460C
齐齐哈尔,K47,杭州,0400000K5006
大连北,G47,哈尔滨西,1g00000G4702
北京,T47,齐齐哈尔,2400000T472D
杭州,Z47,武昌,5600000Z4770
齐齐哈尔,T48,北京,0400000T4805
哈尔滨西,G48,大连北,0h00000G4802
武昌,Z48,杭州,3900000Z4500
杭州,K48,齐齐哈尔,5600000K4811
大连北,G49,哈尔滨西,1g00000G4902
北京西,T49,恩施,2400000T490C
北京西,Z49,成都,2400000Z490D
杭州,K49,齐齐哈尔,5600000K4811
齐齐哈尔,K50,杭州,0400000K5006
哈尔滨西,G50,大连北,0h00000G5002
恩施,T50,北京西,4200000T5007
成都,Z50,北京西,7600000Z5003
北京,D51,沈阳北,2400000D510P
北京,K51,日照,2400000K510Z
北京,Z51,南通,2400000Z510D
天津西,G51,宁波,2500000G510B
沈阳北,D52,北京,1200000D5206
日照,K52,北京,4700000K5205
宁波,G52,天津西,5e00000G5231
南通,Z52,北京,5f00000Z5210
北京,K53,沈阳北,2400000K530G
北京西,Z53,昆明,2400000Z530O
天津西,G53,杭州东,2500000G530B
沈阳北,K54,北京,1200000K540B
杭州东,G54,天津西,5600000G5443
昆明,Z54,北京西,8000000Z5402
大连,K55,包头,1300000K5504
北京南,G55,福州,2400000G5509
北京西,Z55,兰州,2400000Z550J
天津西,T55,宝鸡,2500000T5810
包头,K56,大连,3300000K5604
宝鸡,T56,天津西,4100000T5620
福州,G56,北京南,5800000G5609
兰州,Z56,北京西,8500000Z5663
北京南,G57,宁波,2400000G570A
包头,K57,大连,3300000K5604
宝鸡,T57,天津西,4100000T5620
福州,Z57,北京西,5800000Z600B
大连,K58,包头,1300000K5504
北京西,Z58,福州,2400000Z590I
天津西,T58,宝鸡,2500000T5810
宁波,G58,北京南,5e00000G5831
北京南,G59,宁波,2400000G5908
北京西,Z59,福州,2400000Z590I
南通,K59,西安,5f00000K6270
西安,K60,南通,4100000K6010
福州,Z60,北京西,5800000Z600B
宁波,G60,北京南,5e00000G6021
北京,Z61,长春,2400000Z610F
西安,K61,南通,4100000K6010
济南西,G61,南昌西,4p00000G6109
长春,Z62,北京,1100000Z6208
南通,K62,西安,5f00000K6270
南昌西,G62,济南西,5u00000G6208
北京,T63,合肥,2400000T630T
北京,Z63,长春,2400000Z6307
济南,G63,温州南,4700000G6308
长春,Z64,北京,1100000Z6402
合肥,T64,北京,5300000T6490
温州南,G64,济南西,5j00000G641D
北京西,G65,广州南,2400000G650C
北京,T65,南京,2400000T650I
北京西,Z65,南昌,2400000Z650G
南京,T66,北京,5400000T66D0
南昌,Z66,北京西,5700000Z660E
广州南,G66,北京西,6c00000G6605
北京西,G67,广州南,2400000G670B
北京西,Z67,南昌,2400000Z670J
青岛,K67,福州,4900000K7005
南昌,Z68,北京西,5700000Z680G
福州,K68,青岛,5800000K680D
广州南,G68,北京西,6c00000G680B
北京西,G69,广州南,2400000G6907
北京西,Z69,乌鲁木齐,2400000Z6909
福州,K69,青岛,5800000K680D
青岛,K70,福州,4900000K7005
广州南,G70,北京西,6c00000G7009
乌鲁木齐,Z70,北京西,9300000Z7002
北京西,G71,福田,2400000G710E
北京,Z71,三明北,2400000Z7105
上海南,K71,重庆北,5500000K7123
三明北,Z72,北京,5u00000Z7203
福田,G72,北京西,6i00000G7210
重庆北,K72,上海南,7700000K7306
北京,D73,吉林,2400000D730E
郑州东,G73,深圳北,3800000G7309
重庆北,K73,上海南,7700000K7306
吉林,D74,北京,1800000D740A
上海南,K74,重庆北,5500000K7123
深圳北,G74,郑州东,6i00000G7407
长春,K75,宁波,1100000K750B
北京西,Z75,兰州,2400000Z7503
安阳东,G75,深圳北,3800000G7506
宁波,K76,长春,5e00000K76B2
深圳北,G76,郑州东,6i00000G7606
兰州,Z76,北京西,8500000Z7600
北京西,Z77,贵阳,2400000Z770D
武汉,G77,深圳北,4e00000G7703
上海南,T77,桂林北,5500000T7790
宁波,K77,长春,5e00000K76B2
长春,K78,宁波,1100000K750B
深圳北,G78,武汉,6i00000G7806
桂林北,T78,上海南,7100000T780D
贵阳,Z78,北京西,7800000Z7802
北京西,G79,福田,2400000G7920
北京,Z79,大连,2400000Z7909
上海南,K79,昆明,5500000K79B5
南宁,T79,上海南,7100000T820B
大连,Z80,北京,1300000Z8101
上海南,T80,南宁,5500000T8160
福田,G80,北京西,6i00000G8009
昆明,K80,上海南,8000000K800I
大连,Z81,北京,1300000Z8101
北京西,G81,贵阳北,2400000G8107
西安,K81,广州,4100000K840J
上海南,T81,南宁,5500000T8160
杭州东,D81,九江,5600000D8130
北京,Z82,大连,2400000Z7909
九江,D82,杭州东,5700000D8305
广州,K82,西安,6300000K820I
南宁,T82,上海南,7100000T820B
贵阳北,G82,北京西,7800000G8200
北京西,G83,长沙南,2400000G830L
九江,D83,杭州东,5700000D8305
广州,K83,西安,6300000K820I
西安,K84,广州,4100000K840J
杭州东,D84,九江,5600000D8130
长沙南,G84,北京西,6c00000G8405
上海虹桥,G85,广州南,5l00000G8523
广州,K85,九江,6300000K850K
九江,K86,广州,5700000K870B
广州南,G86,上海虹桥,6c00000G8608
北京西,G87,西安北,2400000G8706
九江,K87,广州,5700000K870B
西安北,G88,北京西,4f00000G8807
广州,K88,九江,6300000K850K
北京西,K89,呼和浩特,2400000K890J
石家庄,Z89,广州,2600000Z8903
呼和浩特,K90,北京西,3300000K900C
广州,Z90,石家庄,6300000Z9001
北京西,G91,太原南,2400000G9105
西安,Z91,上海,4100000Z940C
泰州,K91,深圳东,5f00000K94B1
太原南,G92,北京西,2700000G9214
上海,Z92,西安,5500000Z9230
深圳东,K92,泰州,6500000K9209
郑州东,G93,广州南,3800000G9310
上海,Z93,西安,5500000Z9230
深圳东,K93,泰州,6500000K9209
西安,Z94,上海,4100000Z940C
泰州,K94,深圳东,5f00000K94B1
广州南,G94,郑州东,6c00000G9409
北京,K95,抚顺北,2400000K9504
北京西,Z95,重庆北,2400000Z9501
汉口,T95,深圳,3900000T9501
西安北,G95,广州南,4f00000G980C
抚顺北,K96,北京,1200000K960R
深圳,T96,汉口,6500000T9608
广州南,G96,西安北,6c00000G960B
重庆北,Z96,北京西,7700000Z9601
北京西,Z97,广州东,2400000Z9703
广州南,G97,西安北,6c00000G960B
西安北,G98,广州南,4f00000G980C
九龙,P98,北京西,6500000P9803
九龙,Z98,北京西,6500000Z9805
上海,P99,九龙,5500000P9910
上海,Z99,九龙,5500000Z9930
广州东,Z100,上海,650000Z10002
北京,D101,哈尔滨西,240000D1010S
北京南,G101,上海虹桥,240000G1010C
北京,K101,温州,240000K10109
上海南,T101,深圳,550000T10150
厦门,Z101,长春,580000Z1040A
哈尔滨西,D102,北京,0h0000D1020E
长春,Z102,厦门,110000Z10206
温州,K102,北京,5a0000K102B2
上海虹桥,G102,北京南,5l0000G10261
深圳,T102,上海南,650000T1020C
长春,Z103,厦门,110000Z10206
厦门,Z104,长春,580000Z1040A
上海虹桥,G104,北京南,5l0000G10461
北京南,G105,上海虹桥,240000G1050H
北京西,K105,深圳,240000K1051H
济南,Z105,乌鲁木齐,470000Z10504
上海虹桥,G106,北京南,5l0000G10651
深圳,K106,北京西,650000K1060S
乌鲁木齐,Z106,济南,930000Z10602
北京南,G107,上海虹桥,240000G1070E
北京西,Z107,深圳,240000Z1070A
上海虹桥,G108,北京南,5l0000G10861
深圳,Z108,北京西,650000Z10804
北京,T109,上海,240000T1090U
武昌,K109,昆明,390000K10904
上海,T110,北京,550000T11061
上海虹桥,G110,北京南,5l0000G11091
昆明,K110,武昌,800000K1100C
哈尔滨,Z111,海口,010000Z11404
珲春,D111,齐齐哈尔,1c0000D11404
北京南,G111,上海虹桥,240000G1110R
上海南,K111,贵阳,550000K111D2
兰州,T111,杭州,850000T11482
齐齐哈尔,D112,珲春,040000D11206
杭州,T112,兰州,560000T11251
上海虹桥,G112,北京南,5l0000G11291
海口,Z112,哈尔滨,6b0000Z11203
贵阳,K112,上海南,780000K11207
齐齐哈尔,D113,珲春,040000D11206
北京南,G113,上海虹桥,240000G1130F
杭州,T113,兰州,560000T11251
海口,Z113,哈尔滨,6b0000Z11203
成都,K113,昆明,760000K1130B
哈尔滨,Z114,海口,010000Z11404
珲春,D114,齐齐哈尔,1c0000D11404
上海虹桥,G114,北京南,5l0000G11441
昆明,K114,成都,800000K1140Q
兰州,T114,杭州,850000T11482
延吉西,D115,哈尔滨西,1c0000D11801
北京南,G115,上海虹桥,240000G1150T
九江,K115,深圳,570000K1150D
兰州,T115,上海,850000T11850
哈尔滨西,D116,延吉西,0h0000D11601
上海,T116,兰州,550000T11670
上海虹桥,G116,北京南,5l0000G11661
深圳,K116,九江,650000K1160G
哈尔滨西,D117,延吉西,0h0000D11601
北京南,G117,上海虹桥,240000G1170P
北京西,K117,攀枝花,240000K1171B
北京,Z117,吉林,240000Z1170B
上海,T117,兰州,550000T11670
吉林,Z118,北京,180000Z11804
延吉西,D118,哈尔滨西,1c0000D11801
上海虹桥,G118,北京南,5l0000G11831
攀枝花,K118,北京西,760000K1180A
兰州,T118,上海,850000T11850
北京南,G119,上海虹桥,240000G1190D
北京南,G121,上海虹桥,240000G1210H
十堰,K121,上海南,420000K1240H
广州,T121,长春,630000T1240C
成都,Z121,广州,760000Z12406
长春,T122,广州,110000T1220A
上海南,K122,十堰,550000K123C2
上海虹桥,G122,北京南,5l0000G12270
广州,Z122,成都,630000Z12207
长春,T123,广州,110000T1220A
上海南,K123,十堰,550000K123C2
广州,Z123,成都,630000Z12207
十堰,K124,上海南,420000K1240H
广州,T124,长春,630000T1240C
成都,Z124,广州,760000Z12406
长春,K125,西安,110000K12805
东莞东,T125,成都,670000T1280G
兰州,Z125,厦门,850000Z12811
西安,K126,长春,410000K1260Q
厦门,Z126,兰州,580000Z12605
上海虹桥,G126,北京南,5l0000G126A2
成都,T126,东莞东,760000T12609
西安,K127,长春,410000K1260Q
厦门,Z127,兰州,580000Z12605
成都,T127,东莞东,760000T12609
长春,K128,西安,110000K12805
东莞东,T128,成都,670000T1280G
兰州,Z128,厦门,850000Z12811
大连,T129,齐齐哈尔,130000T1290C
北京南,G129,上海虹桥,240000G1290N
齐齐哈尔,T130,大连,040000T1300E
上海虹桥,G130,北京南,5l0000G13070
大连,T131,上海,130000T1310T
北京南,G131,上海虹桥,240000G1310K
深圳西,K131,兰州,690000K1340G
上海,T132,大连,550000T132B0
上海虹桥,G132,北京南,5l0000G132B3
兰州,K132,深圳西,850000K13202
北京南,G133,上海虹桥,240000G1330F
北京西,Z133,井冈山,240000Z1330G
上海,T133,大连,550000T132B0
兰州,K133,深圳西,850000K13202
大连,T134,上海,130000T1310T
井冈山,Z134,北京西,570000Z1340G
上海虹桥,G134,北京南,5l0000G134A1
深圳西,K134,兰州,690000K1340G
北京南,G135,上海虹桥,240000G1350B
济南,T135,宁波,470000T13502
广州,Z135,乌鲁木齐,630000Z13804
宁波,T136,济南,5e0000T13611
乌鲁木齐,Z136,广州,930000Z13601
北京南,G137,上海虹桥,240000G1370H
乌鲁木齐,Z137,广州,930000Z13601
上海虹桥,G138,北京南,5l0000G13851
广州,Z138,乌鲁木齐,630000Z13804
北京南,G139,上海虹桥,240000G1390O
北京,Z139,南通,240000Z13907
南通,Z140,北京,5f0000Z14020
上海虹桥,G140,北京南,5l0000G14041
北京南,G141,上海虹桥,240000G1410E
成都东,K141,南宁,760000K14403
上海虹桥,G142,北京南,5l0000G14251
南宁,K142,成都东,710000K1420B
北京南,G143,上海虹桥,240000G1430K
南宁,K143,成都东,710000K1420B
成都东,K144,南宁,760000K14403
北京南,G145,上海虹桥,240000G1450K
北京,T145,南昌,240000T1451B
深圳东,Z145,郑州,650000Z14803
成都,K145,昆明,760000K14508
郑州,Z146,深圳东,380000Z14606
南昌,T146,北京,570000T1470D
上海虹桥,G146,北京南,5l0000G146E0
昆明,K146,成都,800000K1460U
北京南,G147,上海虹桥,240000G1470B
北京西,K147,阜阳,240000K1470D
郑州,Z147,深圳东,380000Z14606
南昌,T147,北京,570000T1470D
北京,T148,南昌,240000T1451B
阜阳,K148,北京西,530000K14834
上海虹桥,G148,北京南,5l0000G148C0
深圳东,Z148,郑州,650000Z14803
北京南,G149,上海虹桥,240000G1490E
北京西,Z149,贵阳,240000Z14906
上海南,K149,湛江,550000K14908
上海虹桥,G150,北京南,5l0000G15051
湛江,K150,上海南,710000K1500K
贵阳,Z150,北京西,780000Z15003
北京西,Z151,西宁,240000Z15107
郑州,K151,上海,380000K1540C
泰州,T151,广州,5f0000T15400
上海,K152,郑州,550000K15203
上海虹桥,G152,北京南,5l0000G152D0
广州,T152,泰州,630000T15200
西宁,Z152,北京西,880000Z15202
北京南,G153,上海虹桥,240000G1530C
上海,K153,郑州,550000K15203
广州,T153,泰州,630000T15200
郑州,K154,上海,380000K1540C
泰州,T154,广州,5f0000T15400
上海虹桥,G154,北京南,5l0000G15462
哈尔滨,Z155,泰州,010000Z15800
南京,K155,昆明,540000K15588
泰州,Z156,哈尔滨,5f0000Z15720
昆明,K156,南京,800000K1560E
北京南,G157,上海虹桥,240000G1570I
北京西,K157,湛江,240000K15716
泰州,Z157,哈尔滨,5f0000Z15720
哈尔滨,Z158,泰州,010000Z15800
湛江,K158,北京西,710000K1580Q
重庆,K159,昆明,770000K15904
昆明,K160,重庆,800000K1600G
北京南,G161,安庆,240000G16106
北京西,Z161,昆明,240000Z16112
安庆,G162,北京南,590000G16210
昆明,Z162,北京西,800000Z16203
北京南,G163,苍南,240000G1630F
拉萨,Z163,上海,880000Z16603
上海,Z164,拉萨,550000Z16403
苍南,G164,北京南,5j0000G16421
北京南,G165,杭州东,240000G1650A
西安,K165,昆明,410000K1650M
上海,Z165,拉萨,550000Z16403
杭州东,G166,北京南,560000G16620
昆明,K166,西安,800000K1660K
拉萨,Z166,上海,880000Z16603
北京南,G167,温州南,240000G16708
北京西,T167,南昌,240000T16711
青岛,Z167,广州东,490000Z17002
重庆,K167,昆明,770000K16703
南昌,T168,北京西,570000T1680G
温州南,G168,北京南,5j0000G16820
广州东,Z168,青岛,650000Z16801
昆明,K168,重庆,800000K1680F
西安,K169,阿克苏,410000K1690O
上海南,T169,广州,550000T16940
广州东,Z169,青岛,650000Z16801
青岛,Z170,广州东,490000Z17002
广州,T170,上海南,630000T1700M
阿克苏,K170,西安,940000K17020
哈尔滨,Z171,上海,010000Z17406
天津西,G171,青岛,250000G1710C
日照,K171,上海,470000K17403
南昌,T171,广州东,570000T1710B
青岛,G172,天津西,490000G17208
上海,K172,日照,550000K17205
上海,Z172,哈尔滨,550000Z17230
广州东,T172,南昌,650000T17206
天津西,G173,青岛,250000G17305
上海,K173,日照,550000K17205
上海,Z173,哈尔滨,550000Z17230
哈尔滨,Z174,上海,010000Z17406
日照,K174,上海,470000K17403
青岛,G174,天津西,490000G17402
哈尔滨,Z175,杭州,010000Z17805
北京南,G175,青岛,240000G17502
北京西,T175,西宁,240000T1750C
商丘,K175,乌鲁木齐,380000K1750I
潍坊,G176,北京南,490000G17602
杭州,Z176,哈尔滨,560000Z17604
西宁,T176,北京西,880000T17606
乌鲁木齐,K176,郑州,930000K17603
北京南,G177,青岛,240000G17701
郑州,K177,西宁,380000K17702
杭州,Z177,哈尔滨,560000Z17604
哈尔滨,Z178,杭州,010000Z17805
青岛,G178,北京南,490000G17803
西宁,K178,郑州,880000K17802
北京南,G179,青岛,240000G17908
北京西,K179,郑州,240000K1790M
北京,Z179,乌鲁木齐,240000Z17905
济南,T179,广州,470000T1790C
郑州,K180,北京西,380000K18004
青岛,G180,北京南,490000G18002
广州,T180,济南,630000T18020
乌鲁木齐,Z180,北京,930000Z18002
哈尔滨东,T181,汉口,010000T18440
北京南,G181,青岛,240000G1810B
临河,Z181,深圳东,330000Z18405
汉口,T182,哈尔滨东,390000T182C0
青岛,G182,北京南,490000G18205
深圳东,Z182,临河,650000Z18210
北京南,G183,青岛,240000G1830A
北京,K183,南阳,240000K18322
汉口,T183,哈尔滨东,390000T182C0
深圳东,Z183,临河,650000Z18210
哈尔滨东,T184,汉口,010000T18440
临河,Z184,深圳东,330000Z18405
南阳,K184,北京,400000K1840C
青岛,G184,北京南,490000G18406
沈阳北,Z185,深圳,120000Z18805
北京南,G185,青岛,240000G1850A
青岛,G186,北京南,490000G1860D
深圳,Z186,沈阳北,650000Z18604
沈阳北,K187,上海,120000K19012
北京南,G187,青岛,240000G1870D
深圳,Z187,沈阳北,650000Z18604
沈阳北,Z188,深圳,120000Z18805
青岛,G188,北京南,490000G18809
上海,K188,沈阳北,550000K188B3
北京南,G189,青岛,240000G1890D
郑州,Z189,广州,380000Z18902
上海,K189,沈阳北,550000K188B3
沈阳北,K190,上海,120000K19012
青岛,G190,北京南,490000G19006
广州,Z190,郑州,630000Z19000
沈阳北,Z191,太原,120000Z19405
北京南,G191,青岛,240000G1910B
成都,K191,广州,760000K19403
太原,Z192,沈阳北,270000Z19204
青岛,G192,北京南,490000G19208
广州,K192,成都,630000K1920P
北京南,G193,青岛,240000G1930A
太原,Z193,沈阳北,270000Z19204
广州,K193,成都,630000K1920P
沈阳北,Z194,太原,120000Z19405
青岛,G194,北京南,490000G1940G
成都,K194,广州,760000K19403
北京南,G195,青岛,240000G1950G
太原,Z195,上海,270000Z19802
呼和浩特东,K195,成都东,330000K19502
青岛,G196,北京南,490000G1960B
上海,Z196,太原,550000Z19602
成都东,K196,呼和浩特东,760000K19602
北京南,G197,青岛,240000G1970A
郑州,T197,乌鲁木齐,380000T1970B
上海,Z197,太原,550000Z19602
太原,Z198,上海,270000Z19802
青岛,G198,北京南,490000G19805
乌鲁木齐,T198,郑州,930000T19803
北京南,G199,青岛,240000G19905
青岛,G200,北京南,490000G20006
北京南,G201,南京南,240000G2010I
北京西,Z201,三亚,240000Z2010E
南宁东,D201,广州南,710000D20101
重庆北,K201,广州,770000K20104
南京南,G202,北京南,5l0000G20280
广州,K202,重庆北,630000K20209
三亚,Z202,北京西,6b0000Z20202
广州南,D202,南宁东,6c0000D20203
北京南,G203,南京南,240000G2030C
北京,Z203,哈尔滨,240000Z2030C
广州,K203,重庆北,630000K20209
南宁东,D203,广州南,710000D20302
伊宁,T203,上海,950000T20603
大庆东,Z204,北京,040000Z20410
上海,T204,伊宁,550000T20440
南京南,G204,北京南,5l0000G204A0
广州南,D204,南宁东,6c0000D20403
重庆北,K204,广州,770000K20104
北京南,G205,南京南,240000G2050B
青岛,K205,成都,490000K2080C
上海,T205,伊宁,550000T20440
长沙,Z205,天津,620000Z20803
南宁东,D205,广州南,710000D20501
天津,Z206,长沙,250000Z20602
南京南,G206,北京南,5l0000G20670
广州南,D206,南宁东,6c0000D20601
成都,K206,青岛,760000K20607
伊宁,T206,上海,950000T20603
北京南,G207,徐州东,240000G20702
天津,Z207,长沙,250000Z20602
南宁东,D207,广州南,710000D20700
成都,K207,青岛,760000K20607
青岛,K208,成都,490000K2080C
徐州东,G208,北京南,5l0000G20820
长沙,Z208,天津,620000Z20803
广州南,D208,南宁东,6c0000D20801
宁波,K209,广州,5e0000K21223
广州,K210,宁波,630000K2100F
天津西,G211,上海虹桥,250000G2110H
上海南,T211,深圳,550000T21143
广州,K211,宁波,630000K2100F
贵阳北,D211,广州南,780000D21110
宁波,K212,广州,5e0000K21223
上海虹桥,G212,天津西,5l0000G21230
深圳,T212,上海南,650000T2120G
广州南,D212,贵阳北,6c0000D21204
天津西,G213,上海虹桥,250000G2130E
天津,K213,西安,250000K21311
贵阳北,D213,广州南,780000D21300
西安,K214,天津,410000K2140K
上海虹桥,G214,天津西,5l0000G214B2
广州南,D214,贵阳北,6c0000D21400
北京,K215,图们,240000K2150J
北京,T215,泰州,240000T21507
天津西,G215,上海虹桥,250000G2150Q
兰州,Z215,上海,850000Z21841
图们,K216,北京,200000K2160U
上海,Z216,兰州,550000Z21604
泰州,T216,北京,5f0000T21721
上海虹桥,G216,天津西,5l0000G21670
北京南,G217,沈阳北,240000G21702
邯郸,K217,银川,260000K2200B
上海,Z217,兰州,550000Z21604
泰州,T217,北京,5f0000T21721
沈阳北,G218,北京南,120000G21800
兰州,Z218,上海,850000Z21841
银川,K218,邯郸,870000K21804
北京南,G219,沈阳,240000G21901
银川,K219,邯郸,870000K21804
沈阳,G220,北京南,120000G22001
邯郸,K220,银川,260000K2200B
青岛,G221,上海虹桥,490000G2240P
拉萨,Z221,重庆北,880000Z22400
上海虹桥,G222,青岛,5l0000G22240
上海虹桥,G223,青岛,5l0000G22240
青岛,G224,上海虹桥,490000G2240P
拉萨,Z224,重庆北,880000Z22400
北京,Z225,合肥,240000Z22501
青岛,G225,上海虹桥,490000G22807
兰州,K225,广州,850000K22836
合肥,Z226,北京,530000Z22701
上海虹桥,G226,青岛,5l0000G226H2
广州,K226,兰州,630000K2260I
合肥,Z227,北京,530000Z22701
上海虹桥,G227,青岛,5l0000G226H2
广州,K227,兰州,630000K2260I
北京,Z228,合肥,240000Z22501
青岛,G228,上海虹桥,490000G22807
兰州,K228,广州,850000K22836
青岛,G229,上海虹桥,490000G2320G
昆明,K229,厦门,800000K2320Q
乌鲁木齐,Z229,深圳,930000Z23201
厦门,K230,昆明,580000K2300M
上海虹桥,G230,青岛,5l0000G23030
深圳,Z230,乌鲁木齐,650000Z23001
北京西,T231,西安,240000T2310R
厦门,K231,昆明,580000K2300M
上海虹桥,G231,青岛,5l0000G23030
深圳,Z231,乌鲁木齐,650000Z23001
西安,T232,北京西,410000T23206
青岛,G232,上海虹桥,490000G2320G
昆明,K232,厦门,800000K2320Q
乌鲁木齐,Z232,深圳,930000Z23201
石家庄,K233,上海,260000K2330Y
青岛,G233,上海虹桥,490000G23608
上海,K234,石家庄,550000K23413
上海虹桥,G234,青岛,5l0000G23460
哈尔滨,Z235,广州东,010000Z23802
上海,K235,石家庄,550000K23413
上海虹桥,G235,青岛,5l0000G23460
石家庄,K236,上海,260000K2330Y
青岛,G236,上海虹桥,490000G23608
南通,T236,重庆北,5f0000T23621
广州东,Z236,哈尔滨西,650000Z23620
北京南,G237,沈阳,240000G23700
太原,K237,深圳西,270000K23709
南通,T237,重庆北,5f0000T23621
广州东,Z237,哈尔滨西,650000Z23620
哈尔滨,Z238,广州东,010000Z23802
沈阳,G238,北京南,120000G23800
深圳西,K238,太原,690000K23807
北京南,G239,吉林,240000G23910
深圳西,K239,太原,690000K23807
吉林,G240,北京南,180000G24000
太原,K240,深圳西,270000K23709
齐齐哈尔,T241,合肥,040000T24405
青岛,G241,厦门北,490000G2440C
厦门,K241,西安,580000K2440I
西安,K242,厦门,410000K2420N
合肥,T242,齐齐哈尔,530000T24285
厦门北,G242,青岛,5n0000G24204
西安,K243,厦门,410000K2420N
合肥,T243,齐齐哈尔,530000T24285
厦门北,G243,青岛,5n0000G24204
齐齐哈尔,T244,合肥,040000T24405
青岛,G244,厦门北,490000G2440C
厦门,K244,西安,580000K2440I
青岛,G245,合肥南,490000G24808
扬州,K245,成都,5f0000K24586
长沙,Z245,上海南,620000Z24501
成都东,T245,武昌,760000T24809
武昌,T246,成都东,390000T24605
上海南,Z246,长沙,550000Z24710
合肥南,G246,青岛,5i0000G24631
成都,K246,扬州,760000K24604
武昌,T247,成都东,390000T24605
上海南,Z247,长沙,550000Z24710
合肥南,G247,青岛,5i0000G24631
成都,K247,扬州,760000K24604
青岛,G248,合肥南,490000G24808
扬州,K248,成都,5f0000K24586
长沙,Z248,上海南,620000Z24501
成都东,T248,武昌,760000T24809
西安,Z251,上海,410000Z25405
宜昌东,K251,上海南,420000K25409
上海南,K252,宜昌东,550000K253B1
上海,Z252,西安,550000Z25200
天津,T253,广州,250000T25310
青岛,G253,杭州东,490000G25604
上海南,K253,宜昌东,550000K253B1
上海,Z253,西安,550000Z25200
西安,Z254,上海,410000Z25405
宜昌东,K254,上海南,420000K25409
杭州东,G254,青岛,560000G25450
广州,T254,天津,630000T2540B
合肥,K255,深圳西,530000K25534
杭州东,G255,青岛,560000G25450
重庆北,Z255,上海南,770000Z25802
青岛,G256,杭州东,490000G25604
上海南,Z256,重庆北,550000Z25710
深圳西,K256,合肥,690000K25607
天津,K257,成都,250000K2570W
青岛,G257,武汉,490000G26005
上海南,Z257,重庆北,550000Z25710
武汉,G258,青岛,4e0000G25804
成都,K258,天津,760000K25809
重庆北,Z258,上海南,770000Z25802
武汉,G259,青岛,4e0000G25804
青岛,G260,武汉,490000G26005
大连,T261,牡丹江,130000T2610G
北京南,G261,六安,240000G2610D
北京西,K261,安康,240000K26132
牡丹江,T262,大连,030000T26207
汉中,K262,北京西,430000K26211
合肥南,G262,北京南,5i0000G26212
北京南,G263,合肥南,240000G2630E
北京,K263,包头,240000K2630S
银川,T263,西安,870000T26311
拉萨,Z263,广州,880000Z26603
包头,K264,北京,330000K2640H
西安,T264,银川,410000T26402
合肥南,G264,北京南,5i0000G26402
广州,Z264,拉萨,630000Z26401
北京南,G265,黄山北,240000G2650C
北京,K265,佳木斯,240000K26517
西安,T265,银川,410000T26402
广州,Z265,拉萨,630000Z26401
佳木斯,K266,北京,020000K26604
六安,G266,北京南,530000G26670
银川,T266,西安,870000T26311
拉萨,Z266,广州,880000Z26603
北京南,G267,合肥南,240000G2670C
北京西,K267,怀化,240000K26723
呼和浩特东,Z267,上海,330000Z26707
上海,Z268,呼和浩特东,550000Z26804
怀化,K268,北京西,640000K2680D
北京南,G269,合肥南,240000G2690R
北京西,K269,洛阳,240000K2690N
上海,Z269,呼和浩特东,550000Z26804
呼和浩特东,Z270,上海,330000Z26707
洛阳,K270,北京西,400000K27006
黄山北,G270,北京南,520000G27022
上海南,K271,井冈山,550000K27174
西宁,Z271,青岛,880000Z27403
青岛,Z272,西宁,490000Z27203
井冈山,K272,上海南,570000K2720B
合肥南,G272,北京南,5i0000G27210
满洲里,K273,呼和浩特,050000K27604
青岛,Z273,西宁,490000Z27203
呼和浩特,K274,满洲里,330000K2740E
西宁,Z274,青岛,880000Z27403
呼和浩特,K275,满洲里,330000K2740E
青岛,G275,广州南,490000G27809
银川,Z275,北京西,870000Z27512
满洲里,K276,呼和浩特,050000K27604
北京西,Z276,银川,240000Z27707
广州南,G276,青岛,6c0000G2760C
北京西,Z277,银川,240000Z27707
广州南,G277,青岛,6c0000G2760C
青岛,G278,广州南,490000G27809
银川,Z278,北京西,870000Z27512
济南西,G279,深圳北,4p0000G27906
深圳北,G280,济南西,6i0000G28005
包头,Z281,杭州,330000Z28406
青岛,G281,杭州东,490000G28407
成都,K281,上海,760000K28406
乌鲁木齐,T281,南宁,930000T28403
上海,K282,成都,550000K282B2
杭州东,G282,青岛,560000G28231
杭州,Z282,包头,560000Z28211
南宁,T282,乌鲁木齐,710000T28203
上海,K283,成都,550000K282B2
杭州东,G283,青岛,560000G28231
杭州,Z283,包头,560000Z28211
南宁,T283,乌鲁木齐,710000T28203
包头,Z284,杭州,330000Z28406
青岛,G284,杭州东,490000G28407
成都,K284,上海,760000K28406
乌鲁木齐,T284,南宁,930000T28403
北京,K285,烟台,240000K2850X
北京西,Z285,南宁,240000Z28508
济南西,G285,昆明南,4p0000G28504
烟台,K286,北京,490000K28606
南宁,Z286,北京西,710000Z28603
昆明南,G286,济南西,800000G28601
青岛,G287,长沙南,490000G2900D
上海南,K287,南昌,550000K28704
宁波,Z287,昆明,5e0000Z29010
南宁,T287,北京西,710000T29006
北京西,T288,南宁,240000T2890B
南昌,K288,上海南,570000K28808
长沙南,G288,青岛,6c0000G2880B
昆明,Z288,宁波,800000Z28802
北京西,T289,南宁,240000T2890B
长沙南,G289,青岛,6c0000G2880B
成都,K289,上海,760000K29207
昆明,Z289,宁波,800000Z28802
青岛,G290,长沙南,490000G2900D
上海,K290,成都,550000K29056
宁波,Z290,昆明,5e0000Z29010
南宁,T290,北京西,710000T29006
上海,K291,成都,550000K29056
长沙南,G291,天津,6c0000G29407
乌鲁木齐,Z291,汉口,930000Z29400
天津,G292,长沙南,250000G29206
汉口,Z292,乌鲁木齐,390000Z29200
成都,K292,上海,760000K29207
哈尔滨,K293,济南,010000K29605
天津,G293,长沙南,250000G29206
汉口,Z293,乌鲁木齐,390000Z29200
济南,K294,哈尔滨,470000K29404
长沙南,G294,天津,6c0000G29407
乌鲁木齐,Z294,汉口,930000Z29400
包头,Z295,赣州,330000Z29820
郑州,D295,福州,380000D29507
济南,K295,哈尔滨,470000K29404
兰州,T295,乌鲁木齐,850000T29571
哈尔滨,K296,济南,010000K29605
赣州,Z296,包头,570000Z29600
福州,D296,郑州,580000D2960C
乌鲁木齐,T296,兰州,930000T29602
北京,T297,牡丹江,240000T2970N
济南西,G297,上海虹桥,4p0000G29704
赣州,Z297,包头,570000Z29600
广州东,K297,厦门,650000K2970C
牡丹江,T298,北京,030000T29807
包头,Z298,赣州,330000Z29820
郑州,D298,福州,380000D29507
厦门,K298,广州东,580000K2980E
上海虹桥,G298,济南西,5l0000G29870
厦门,K299,广州东,580000K2980E
广州东,K300,厦门,650000K2970C
北京南,G301,福州,240000G30104
连云港东,K301,广州,480000K30431
乌鲁木齐,T301,长春,930000T30402
长春,T302,乌鲁木齐,110000T30207
福州,G302,北京南,580000G30203
广州,K302,徐州,630000K3020T
长春,T303,乌鲁木齐,110000T30207
北京南,G303,福州,240000G30304
连云港东,K304,广州,480000K30431
福州,G304,北京南,580000G30403
乌鲁木齐,T304,长春,930000T30402
西安北,D305,上海,4f0000D3080G
乌鲁木齐,T305,福州,930000T30803
上海,D306,西安北,550000D30680
福州,T306,乌鲁木齐,580000T3060A
北京西,G307,成都东,240000G30708
北京西,Z307,厦门,240000Z30704
上海,D307,西安北,550000D30680
福州,T307,乌鲁木齐,580000T3060A
西安北,D308,上海,4f0000D3080G
厦门,Z308,北京西,580000Z30804
成都东,G308,北京西,760000G30807
乌鲁木齐,T308,福州,930000T30803
沈阳,T309,齐齐哈尔,120000T3090B
北京西,G309,重庆北,240000G30906
广州东,K309,合肥,650000K3090B
齐齐哈尔,T310,沈阳,040000T3100B
合肥,K310,广州东,530000K31197
重庆北,G310,北京西,770000G31005
沈阳北,T311,齐齐哈尔,120000T3110G
合肥,K311,广州东,530000K31197
成都东,G311,广州南,760000G31404
齐齐哈尔,T312,沈阳北,040000T3120I
广州东,K312,合肥,650000K3090B
广州南,G312,成都东,6c0000G31204
北京南,D313,上海,240000D3130S
广州南,G313,成都东,6c0000G31204
上海,D314,北京南,550000D31490
成都东,G314,广州南,760000G31404
北京西,Z315,呼和浩特,240000Z31505
西安,K315,南宁,410000K3180L
青岛,G315,重庆北,490000G31805
呼和浩特,Z316,北京西,330000Z31604
南宁,K316,西安,710000K3160L
重庆北,G316,青岛,770000G31601
北京,Z317,包头,240000Z31706
南宁,K317,西安,710000K3160L
重庆北,G317,青岛,770000G31601
包头,Z318,北京,330000Z31807
西安,K318,南宁,410000K3180L
青岛,G318,重庆北,490000G31805
大同,Z319,包头,280000Z31901
包头,Z320,大同,330000Z32001
北京南,D321,上海,240000D3210C
上海,D322,北京南,550000D32260
厦门北,G322,北京南,5n0000G32205
成都,Z322,拉萨,760000Z32201
北京南,G323,厦门北,240000G3230A
成都,Z323,拉萨,760000Z32201
厦门北,G324,北京南,5n0000G32408
北京南,G325,厦门北,240000G32506
郑州,T325,宁波,380000T32806
温州,K325,广州,5a0000K32893
宁波,T326,郑州,5e0000T32611
广州,K326,温州,630000K3260N
宁波,T327,郑州,5e0000T32611
广州,K327,温州,630000K3260N
郑州,T328,宁波,380000T32806
温州,K328,广州,5a0000K32893
天津西,G329,福州,250000G32907
天津,K329,洛阳,250000K3320E
洛阳,K330,天津,400000K33006
福州,G330,天津西,580000G33007
北京南,G331,济南西,240000G33101
洛阳,K331,天津,400000K33006
武汉,D331,温州南,4e0000D33102
天津,K332,洛阳,250000K3320E
温州南,D332,武汉,5j0000D33230
北京南,G333,济南西,240000G33301
厦门,K333,重庆北,580000K3360O
温州南,D333,武汉,5j0000D33230
济南,G334,北京南,470000G33401
武汉,D334,温州南,4e0000D33102
重庆北,K334,厦门,770000K3350R
松原,T335,哈尔滨西,110000T33802
包头,Z335,南宁,330000Z33805
重庆北,K335,厦门,770000K3350R
哈尔滨西,T336,松原,0h0000T33600
济南西,G336,北京南,4p0000G33602
厦门,K336,重庆北,580000K3360O
南宁,Z336,包头,710000Z33604
哈尔滨西,T337,松原,0h0000T33600
北京南,G337,济南西,240000G33702
郑州,K337,昆明,380000K3370F
南宁,Z337,包头,710000Z33604
松原,T338,哈尔滨西,110000T33802
包头,Z338,南宁,330000Z33805
泰安,G338,北京南,4p0000G33801
昆明,K338,郑州,800000K3380Y
北京,K339,佳木斯,240000K3391L
佳木斯,K340,北京,020000K3400W
青岛,K341,南昌,490000K3440A
南昌,K342,青岛,570000K3420A
南昌,K343,青岛,570000K3420A
青岛,K344,南昌,490000K3440A
济南西,G345,福州,4p0000G34505
温州,K345,沈阳北,5a0000K34845
沈阳北,K346,温州,120000K3460D
沈阳北,K347,温州,120000K3460D
福州,G348,济南西,580000G34802
温州,K348,沈阳北,5a0000K34845
北京南,G351,黄山北,240000G35107
上海南,K351,成都,550000K351B5
成都东,D351,上海虹桥,760000D35403
黄山北,G352,北京南,520000G35220
上海虹桥,D352,成都东,5l0000D35271
成都,K352,上海南,760000K3520G
上海虹桥,D353,成都东,5l0000D35271
成都,K353,上海南,760000K3520G
上海南,K354,成都,550000K351B5
成都东,D354,上海虹桥,760000D35403
北京南,G355,厦门北,240000G35506
重庆北,K355,广州,770000K35805
厦门北,G356,北京南,5n0000G35604
广州,K356,重庆北,630000K3560B
广州,K357,重庆北,630000K3560B
重庆北,K358,广州,770000K35805
西安北,G359,上海虹桥,4f0000G36201
银川,K359,上海,870000K35963
上海,K360,银川,550000K36073
上海虹桥,G360,西安北,5l0000G36001
上海,K361,银川,550000K36073
上海虹桥,G361,西安北,5l0000G36001
成都东,D361,武汉,760000D36400
武汉,D362,成都东,4e0000D36200
西安北,G362,上海虹桥,4f0000G36201
银川,K362,上海,870000K35963
天津西,G363,武汉,250000G36302
武汉,D363,成都东,4e0000D36200
昆明,K363,广州,800000K3660P
武汉,G364,天津西,4e0000G36403
广州,K364,昆明,630000K36508
成都东,D364,武汉,760000D36400
哈尔滨,Z365,南京,010000Z36800
天津西,G365,武汉,250000G36505
广州,K365,昆明,630000K36508
成都东,D365,武汉,760000D36804
武汉,D366,成都东,4e0000D36606
,,,24000000G307
,,,24000000G307
,,,24000000G307
,,,
武汉,G366,天津西,4e0000G36602
南京,Z366,哈尔滨,540000Z36600
昆明,K366,广州,800000K3660P
郑州,G367,上海虹桥,380000G37010
西安,K367,敦煌,410000K36706
武汉,D367,成都东,4e0000D36606
南京,Z367,哈尔滨,540000Z36600
广州,T367,大连,630000T37002
哈尔滨,Z368,南京,010000Z36800
大连,T368,广州,130000T36905
上海虹桥,G368,郑州东,5l0000G36800
成都东,D368,武汉,760000D36804
敦煌,K368,西安,8b0000K36930
大连,T369,广州,130000T36905
上海虹桥,G369,郑州东,5l0000G36800
敦煌,K369,西安,8b0000K36930
郑州,G370,上海虹桥,380000G37010
西安,K370,敦煌,410000K36706
广州,T370,大连,630000T37002
太原,K371,上海,270000K3742O
上海,K372,太原,550000K37292
天津西,G373,哈尔滨西,250000G37309
上海,K373,太原,550000K37292
哈尔滨西,G374,天津西,0h0000G37407
太原,K374,上海,270000K3742O
天津西,G375,哈尔滨西,250000G37510
西宁,K375,上海,880000K3780L
哈尔滨西,G376,天津西,0h0000G37600
上海,K376,西宁,550000K37692
上海,K377,西宁,550000K37692
杭州东,D377,厦门北,560000D37763
厦门北,D378,上海虹桥,5n0000D3780B
西宁,K378,上海,880000K3780L
上海虹桥,D379,厦门北,5l0000D37961
张家界,K379,南宁,640000K37900
厦门北,D380,杭州东,5n0000D3800B
南宁,K380,张家界,710000K38000
北京南,G381,哈尔滨西,240000G38107
上海南,T381,昆明,550000T38122
上海虹桥,D381,莆田,5l0000D38183
哈尔滨西,G382,北京南,0h0000G38206
福州南,D382,上海虹桥,5n0000D3820E
昆明,T382,上海南,800000T38207
北京南,G383,吉林,240000G38307
三亚,Z383,长春,6b0000Z38601
长春,Z384,三亚,110000Z38403
吉林,G384,北京南,180000G3840A
长春,Z385,三亚,110000Z38403
沈阳北,K385,成都,120000K3880S
大连北,G385,北京南,1g0000G3850A
北京南,G386,大连北,240000G38709
三亚,Z386,长春,6b0000Z38601
成都,K386,沈阳北,760000K3860H
北京南,G387,大连北,240000G38709
成都,K387,沈阳北,760000K3860H
沈阳北,K388,成都,120000K3880S
大连北,G388,北京南,1g0000G3850A
大连北,G389,济南西,1g0000G38907
合肥,T389,西宁,530000T38911
福州,K389,成都,580000K39220
济南西,G390,大连北,4p0000G39006
成都,K390,福州,760000K3900J
西宁,T390,合肥,880000T39003
济南西,G391,大连北,4p0000G39006
成都,K391,福州,760000K3900J
大连北,G392,济南西,1g0000G38907
福州,K392,成都,580000K39220
北京南,G393,哈尔滨西,240000G39304
哈尔滨西,G394,北京南,0h0000G39402
北京南,G395,丹东,240000G39503
深圳,T395,青岛,650000T39804
丹东,G396,北京南,120000G39603
青岛,T396,深圳,490000T39606
北京南,G397,丹东,240000G39705
青岛,T397,深圳,490000T39606
丹东,G398,北京南,120000G39802
深圳,T398,青岛,650000T39804
北京南,G399,长春,240000G39905
长春,G400,北京南,110000G40002
北京西,G401,贵阳北,240000G40105
北京西,K401,周口,240000K4010O
周口,K402,北京西,4d0000K40203
贵阳北,G402,北京西,780000G40202
北京西,G403,昆明南,240000G40303
昆明南,G404,北京西,800000G40401
北京西,G405,昆明南,240000G40502
昆明南,G406,北京西,800000G40601
北京南,G411,上海虹桥,240000G41103
北京,K411,威海,240000K4110S
威海,K412,北京,490000K4120E
上海虹桥,G412,北京南,5l0000G41230
兰州,K417,泰州,850000K42066
泰州,K418,兰州,5f0000K41922
泰州,K419,兰州,5f0000K41922
兰州,K420,泰州,850000K42066
北京西,G421,南宁东,240000G4210C
成都,K421,宁波,760000K4240H
宁波,K422,成都,5e0000K42284
南宁东,G422,北京西,710000G42203
石家庄,G423,南宁东,260000G42340
宁波,K423,成都,5e0000K42284
南宁东,G424,石家庄,710000G42440
成都,K424,宁波,760000K4240H
郑州东,G425,桂林,380000G42506
洛阳,K425,宁波,400000K42802
宁波,K426,洛阳,5e0000K42611
桂林,G426,郑州东,710000G42604
宁波,K427,洛阳,5e0000K42611
洛阳,K428,宁波,400000K42802
北京西,G429,郑州东,240000G42903
北京,K429,通化,240000K4290R
通化,K430,北京,190000K4300M
郑州东,G430,北京西,380000G43004
武汉,G431,南宁东,4e0000G43104
南宁东,G432,武汉,710000G43204
济南西,G433,南宁东,4p0000G43306
南宁东,G434,济南西,710000G43405
